annee,mois,compagnie,redevances
2023,1,AIR FRANCE,239341643.86
2023,1,AUSTRALAIR GSA,451334266.19
2023,1,MTA,1483000.12
2023,1,SIFOR,11800.8
2023,1,GRAPH'AIR,97374.89
2023,1,HFFTA,228811.44
2023,1,ASSIST,0.0
2023,1,DMSA,1031267.28
2023,1,NEOS,30026894.19
2023,1,LOT,16565402.62872
2023,1,SKY SERVICES,309417.84
2023,1,TOA,404318.93
2023,1,AIR LINK,1217397.34072
2023,1,ANKAO,40002.0
2023,1,SKY LOG,30601.68
2023,1,AÉROMARINE,195759.14
2023,1,AIR MADAGASCAR,90946179.81
2023,1,TSARADIA,36041802.0
2023,1,KENYA AIRWAYS,145198984.32
2023,1,TURKISH AIRLINES,10678655.46
2023,1,ETHOPIAN AIRLINES,231783900.12
2023,1,AIR MAURITIUS,227834725.29
2023,1,SOCOTA,0.0
2023,1,GS AVIATION,172466.42
2023,1,MAF,211812.96
2023,1,HELIMISSION,11200.56
2023,1,STA,38401.92
2023,1,GK AIRCRAFT,31601.76
2023,2,AIR FRANCE,179059218.0
2023,2,AUSTRALAIR GSA,274946221.4
2023,2,MTA,1947397.11
2023,2,SIFOR,0.0
2023,2,GRAPH'AIR,36801.84
2023,2,HFFTA,236213.76
2023,2,ASSIST,0.0
2023,2,DMSA,1096873.44
2023,2,NEOS,0.0
2023,2,LOT,0.0
2023,2,SKY SERVICES,61003.68
2023,2,TOA,771021.09
2023,2,AIR LINK,1209527.37
2023,2,ANKAO,30401.52
2023,2,SKY LOG,1600.08
2023,2,AÉROMARINE,486413.11
2023,2,AIR MADAGASCAR,50174391.944412
2023,2,TSARADIA,26932546.56
2023,2,KENYA AIRWAYS,126410360.37
2023,2,TURKISH AIRLINES,4708088.01
2023,2,ETHOPIAN AIRLINES,175233965.14
2023,2,AIR MAURITIUS,159097100.0
2023,2,SOCOTA,0.0
2023,2,GS AVIATION,287207.9
2023,2,MAF,188516.88
2023,2,HELIMISSION,35201.76
2023,2,STA,65803.44
2023,2,GK AIRCRAFT,29601.6
2023,3,AIR FRANCE,212457168.08
2023,3,AUSTRALAIR GSA,354599621.82
2023,3,MTA,1987734.86
2023,3,SIFOR,0.0
2023,3,GRAPH'AIR,0.0
2023,3,HFFTA,553430.16
2023,3,ASSIST,0.0
2023,3,DMSA,1487100.24
2023,3,NEOS,21792146.76
2023,3,LOT,0.0
2023,3,SKY SERVICES,147009.12
2023,3,TOA,423443.18
2023,3,AIR LINK,33404953.15
2023,3,ANKAO,30401.52
2023,3,SKY LOG,10600.56
2023,3,AÉROMARINE,0.0
2023,3,AIR MADAGASCAR,52756978.5
2023,3,TSARADIA,33043252.08
2023,3,KENYA AIRWAYS,129580555.24
2023,3,TURKISH AIRLINES,8196449.23
2023,3,ETHOPIAN AIRLINES,236517682.39
2023,3,AIR MAURITIUS,190021997.39
2023,3,SOCOTA,0.0
2023,3,GS AVIATION,443172.34
2023,3,MAF,179810.64
2023,3,HELIMISSION,10600.56
2023,3,STA,70404.0
2023,3,GK AIRCRAFT,8000.4
2023,4,AIR FRANCE,239186976.72
2023,4,AUSTRALAIR GSA,375366896.38
2023,4,MTA,1844709.36
2023,4,SIFOR,0.0
2023,4,GRAPH'AIR,44802.24
2023,4,HFFTA,521027.76
2023,4,ASSIST,0.0
2023,4,DMSA,1359490.56
2023,4,NEOS,94210380.63
2023,4,LOT,0.0
2023,4,SKY SERVICES,872851.68
2023,4,TOA,173208.96
2023,4,AIR LINK,38797767.94
2023,4,ANKAO,76803.84
2023,4,SKY LOG,80204.16
2023,4,AÉROMARINE,0.0
2023,4,AIR MADAGASCAR,55205737.23
2023,4,TSARADIA,37054652.64
2023,4,KENYA AIRWAYS,121190228.48
2023,4,TURKISH AIRLINES,8298323.68
2023,4,ETHOPIAN AIRLINES,332616945.23
2023,4,AIR MAURITIUS,202768116.91
2023,4,SOCOTA,0.0
2023,4,GS AVIATION,493238.61
2023,4,MAF,191811.84
2023,4,HELIMISSION,66403.44
2023,4,STA,0.0
2023,4,GK AIRCRAFT,32801.76
2023,5,AIR FRANCE,231100041.87
2023,5,AUSTRALAIR GSA,461625734.4
2023,5,MTA,2914784.44
2023,5,SIFOR,0.0
2023,5,GRAPH'AIR,110405.52
2023,5,HFFTA,1294614.99
2023,5,ASSIST,0.0
2023,5,DMSA,849456.24
2023,5,NEOS,124120397.67
2023,5,LOT,0.0
2023,5,SKY SERVICES,284416.32
2023,5,TOA,176809.44
2023,5,AIR LINK,49696351.16
2023,5,ANKAO,65603.28
2023,5,SKY LOG,120006.24
2023,5,AÉROMARINE,0.0
2023,5,AIR MADAGASCAR,53385220.47
2023,5,TSARADIA,37998699.84
2023,5,KENYA AIRWAYS,154258144.37
2023,5,TURKISH AIRLINES,10071026.36
2023,5,ETHOPIAN AIRLINES,379796066.2
2023,5,AIR MAURITIUS,234122933.2
2023,5,SOCOTA,0.0
2023,5,GS AVIATION,747538.23
2023,5,MAF,367021.68
2023,5,HELIMISSION,12800.64
2023,5,STA,0.0
2023,5,GK AIRCRAFT,17201.04
2023,6,AIR FRANCE,267977355.62
2023,6,AUSTRALAIR GSA,384927998.33
2023,6,MTA,2773348.86
2023,6,SIFOR,0.0
2023,6,GRAPH'AIR,105605.28
2023,6,HFFTA,352218.48
2023,6,ASSIST,0.0
2023,6,DMSA,1413895.2
2023,6,NEOS,110811027.17
2023,6,LOT,0.0
2023,6,SKY SERVICES,315218.88
2023,6,TOA,32001.6
2023,6,AIR LINK,54857038.21
2023,6,ANKAO,48002.4
2023,6,SKY LOG,80604.48
2023,6,AÉROMARINE,0.0
2023,6,AIR MADAGASCAR,71604169.23
2023,6,TSARADIA,35284964.16
2023,6,KENYA AIRWAYS,164323453.04
2023,6,TURKISH AIRLINES,18578549.04
2023,6,ETHOPIAN AIRLINES,375207281.63
2023,6,AIR MAURITIUS,211472024.82
2023,6,SOCOTA,36158.02
2023,6,GS AVIATION,48002.4
2023,6,MAF,403825.68
2023,6,HELIMISSION,51202.56
2023,6,STA,0.0
2023,6,GK AIRCRAFT,0.0
2023,7,AIR FRANCE,322342401.95
2023,7,AUSTRALAIR GSA,539619015.31
2023,7,MTA,2533402.23
2023,7,WASSMAN,8400.48
2023,7,GRAPH'AIR,19200.96
2023,7,HFFTA,1128573.19
2023,7,HITA,32001.6
2023,7,DMSA,1227880.8
2023,7,NEOS,118758913.76
2023,7,LOT,56842836.83
2023,7,SKY SERVICES,180666.11
2023,7,TOA,0.0
2023,7,AIR LINK,55246489.72
2023,7,ANKAO,65603.28
2023,7,SKY LOG,62003.28
2023,7,AIR MADAGASCAR,82635497.69
2023,7,TSARADIA,43011750.48
2023,7,KENYA AIRWAYS,196275264.81
2023,7,TURKISH AIRLINES,30755108.86
2023,7,ETHOPIAN AIRLINES,481459974.8
2023,7,AIR MAURITIUS,289292939.52
2023,7,SOCOTA,19001.04
2023,7,GS AVIATION,440220.29
2023,7,MAF,206612.64
2023,7,HELIMISSION,28801.68
2023,7,GK AIRCRAFT,0.0
2023,8,AIR FRANCE,316779778.12
2023,8,AUSTRALAIR GSA,585527993.59
2023,8,CORSAIR,112062716.92
2023,8,WASSMAN,9600.48
2023,8,GRAPH'AIR,174408.72
2023,8,HFFTA,464425.2
2023,8,HITA,73403.76
2023,8,DMSA,1526900.88
2023,8,NEOS,152800724.7
2023,8,LOT,51787632.47
2023,8,SKY SERVICES,471424.32
2023,8,TOA,505969.73
2023,8,AIR LINK TNR,79326217.75
2023,8,AIR LINK NOS,9310733.68
2023,8,ANKAO,112005.6
2023,8,SKY LOG,95604.96
2023,8,M AIRLINES,163591668.13
2023,8,KENYA AIRWAYS,240289261.06
2023,8,TURKISH AIRLINES,32605348.29
2023,8,ETHOPIAN AIRLINES,582568290.17
2023,8,AIR MAURITIUS,356120148.17
2023,8,SOCOTA,70404.0
2023,8,GS AVIATION,738524.87
2023,8,MAF,299216.88
2023,8,HELIMISSION,22401.12
2023,8,GK AIRCRAFT,63003.6
2023,9,AIR FRANCE,543375029.9
2023,9,AUSTRALAIR GSA,442935241.2
2023,9,CORSAIR,90739187.99
2023,9,MTA,2430761.17
2023,9,WASSMAN,17600.88
2023,9,GRAPH'AIR,49602.48
2023,9,HFFTA,659436.72
2023,9,HITA,38401.92
2023,9,DMSA,1635506.64
2023,9,NEOS,116122301.06
2023,9,LOT,63327029.61
2023,9,SKY SERVICES,290014.56
2023,9,TOA,661073.55
2023,9,AIR LINK TNR,74384418.34
2023,9,AIR LINK NOS,9711728.63
2023,9,ANKAO,57602.88
2023,9,SKY LOG,31401.84
2023,9,M AIRLINES,91189948.95
2023,9,KENYA AIRWAYS,215328199.79
2023,9,TURKISH AIRLINES,29889266.13
2023,9,ETHOPIAN AIRLINES,506494484.32
2023,9,AIR MAURITIUS,256711298.23
2023,9,SOCOTA,167719.09
2023,9,GS AVIATION,70403.52
2023,9,UNHAS,526429.68
2023,9,MAF,378221.52
2023,9,HELIMISSION,51202.56
2023,10,AIR FRANCE,294038617.05
2023,10,AUSTRALAIR GSA,528949394.79
2023,10,CORSAIR,82972318.85
2023,10,MTA,2473887.03
2023,10,WASSMAN,8000.4
2023,10,GRAPH'AIR,11200.56
2023,10,HFFTA,499965.47
2023,10,HITA,12800.64
2023,10,DMSA,2099929.92
2023,10,NEOS,137501058.0
2023,10,LOT,58182303.59
2023,10,SKY SERVICES,310415.52
2023,10,TOA,1207858.85
2023,10,AIR LINK TNR,78862900.44
2023,10,AIR LINK NOS,15828445.19
2023,10,ANKAO,121606.08
2023,10,SKY LOG,149008.08
2023,10,M AIRLINES,111442055.21
2023,10,KENYA AIRWAYS,204031762.09
2023,10,TURKISH AIRLINES,23921166.8
2023,10,ETHOPIAN AIRLINES,580655649.08
2023,10,AIR MAURITIUS,249058204.3
2023,10,SOCOTA,94405.68
2023,10,GS AVIATION,43202.16
2023,10,UNHAS,605034.96
2023,10,MAF,351621.84
2023,10,HELIMISSION,56002.8
2023,11,AIR FRANCE,237402327.97
2023,11,AUSTRALAIR GSA,410101045.24
2023,11,CORSAIR,46268433.38
2023,11,MTA,2361266.83
2023,11,WASSMAN,11200.56
2023,11,GRAPH'AIR,356784.33
2023,11,HFFTA,761653.08
2023,11,HITA,0.0
2023,11,DMSA,1725910.08
2023,11,NEOS,111099189.23
2023,11,LOT,101808585.16
2023,11,SKY SERVICES,729837.84
2023,11,TOA,664709.98
2023,11,AIR LINK TNR,66297598.28
2023,11,AIR LINK NOS,8814849.21
2023,11,ANKAO,62403.12
2023,11,SKY LOG,48002.4
2023,11,M AIRLINES,55112640.35
2023,11,KENYA AIRWAYS,203672677.8
2023,11,TURKISH AIRLINES,15767130.97
2023,11,ETHOPIAN AIRLINES,465666136.08
2023,11,AIR MAURITIUS,117307893.0
2023,11,SOCOTA,86277.76
2023,11,GS AVIATION,0.0
2023,11,UNHAS,225611.76
2023,11,MAF,262815.12
2023,11,HELIMISSION,9600.48
2023,12,AIR FRANCE,279565828.38
2023,12,AUSTRALAIR GSA,521656471.65
2023,12,CORSAIR,77485727.61
2023,12,MTA,1422083.76
2023,12,WASSMAN,28001.52
2023,12,GRAPH'AIR,70403.52
2023,12,HFFTA,671189.73
2023,12,HITA,40002.0
2023,12,DMSA,1131077.28
2023,12,NEOS,47849655.42
2023,12,LOT,101198208.95
2023,12,SKY SERVICES,561628.08
2023,12,TOA,794720.84
2023,12,AIR LINK,84225293.61
2023,12,ANKAO,78403.92
2023,12,SKY LOG,4200.24
2023,12,M AIRLINES,38904345.12
2023,12,KENYA AIRWAYS,167696612.21
2023,12,TURKISH AIRLINES,23497392.35
2023,12,ETHOPIAN AIRLINES,426152968.26
2023,12,AIR MAURITIUS,287327316.46
2023,12,SOCOTA,4600.32
2023,12,GS AVIATION,154035.81
2023,12,UNHAS,144608.16
2023,12,MAF,240814.32
2023,12,HELIMISSION,27201.36
2024,1,AIR AUSTRAL,374654089.96092
2024,1,AIR FRANCE,207470255.309424
2024,1,AIR MAURITIUS,263132784.950868
2024,1,AIRLINK,53463982.312188
2024,1,ANKAO MANAGEMENT,9600.48
2024,1,CORSAIR,83686816.270476
2024,1,DMSA,1902124.8
2024,1,ETHIOPIAN AIRLINES,373185470.926044
2024,1,EWA AIR,207294014.412072
2024,1,GK AIRCRAFT TRADE,50603.04
2024,1,GRAPH'AIR,35201.76
2024,1,GS AIRLINES (GSA),28801.44
2024,1,HELIMISSION MADAGASCAR,6400.32
2024,1,HFF TRAVEL AIRWAYS,709212.549636
2024,1,HUILERIE INDUSTRIELLE DE TAMATAVE,22401.12
2024,1,KENYA AIRWAYS,165860209.300464
2024,1,LOT MADAGASCAR,12455569.160136
2024,1,MADAGASCAR AIRLINES,18412120.56
2024,1,MADAGASCAR TRANS AIR (MTA),392824.8
2024,1,NEOS,23647196.800332
2024,1,ONG MISSION AVIATION FELLOWSHIP,45203.04
2024,1,RONSSIN/ANJOANINA/SARY,9600.48
2024,1,SKY LOG,33001.92
2024,1,SKY SERVICES MADAGASCAR,421221.6
2024,1,TRANS OCEAN AIRWAYS (TOA),986264.498748
2024,1,TURKISH AIRLINES,16775951.08284
2024,2,AIR AUSTRAL,315536440.394448
2024,2,AIR FRANCE,335614516.871904
2024,2,AIR MAURITIUS,237703910.710896
2024,2,AIRLINK,47640487.544496
2024,2,ANKAO MANAGEMENT,0.0
2024,2,CORSAIR,49435118.843472
2024,2,DMSA,719248.32
2024,2,ETHIOPIAN AIRLINES,299801681.591328
2024,2,EWA AIR,107650676.56392
2024,2,GK AIRCRAFT TRADE,36202.08
2024,2,GRAPH'AIR,59202.96
2024,2,GS AIRLINES (GSA),33601.68
2024,2,HELIMISSION MADAGASCAR,9600.48
2024,2,HFF TRAVEL AIRWAYS,818858.008032
2024,2,KENYA AIRWAYS,126532387.127664
2024,2,MADAGASCAR AIRLINES,33745687.2
2024,2,MADAGASCAR TRANS AIR (MTA),454431.6
2024,2,ONG MISSION AVIATION FELLOWSHIP,243815.28
2024,2,RONSSIN/ANJOANINA/SARY,1600.08
2024,2,SKY LOG,32601.84
2024,2,SKY SERVICES MADAGASCAR,365669.745792
2024,2,TRANS OCEAN AIRWAYS (TOA),1587386.074752
2024,2,TURKISH AIRLINES,15536436.053472
2024,3,AIR AUSTRAL,272537173.085688
2024,3,AIR FRANCE,201456104.589828
2024,3,AIR MAURITIUS,235630456.28766
2024,3,AIRLINK,72982339.890012
2024,3,ANKAO MANAGEMENT,56002.8
2024,3,CORSAIR,71322432.570396
2024,3,DMSA,787250.88
2024,3,ETHIOPIAN AIRLINES,393661385.429508
2024,3,EWA AIR,90897026.442516
2024,3,GK AIRCRAFT TRADE,35601.84
2024,3,GRAPH'AIR,4800.24
2024,3,HELIMISSION MADAGASCAR,65603.28
2024,3,HFF TRAVEL AIRWAYS,580908.050232
2024,3,KENYA AIRWAYS,168465772.339956
2024,3,MADAGASCAR AIRLINES,35257762.8
2024,3,MADAGASCAR TRANS AIR (MTA),1334879.76
2024,3,NEOS,23792602.081572
2024,3,ONG MISSION AVIATION FELLOWSHIP,165810.24
2024,3,RONSSIN/ANJOANINA/SARY,6400.32
2024,3,SKY LOG,48002.4
2024,3,SKY SERVICES MADAGASCAR,123186.048372
2024,3,TRANS OCEAN AIRWAYS (TOA),987461.002788
2024,3,TURKISH AIRLINES,16661612.875392
2024,4,AIR AUSTRAL,543126206.268828
2024,4,AIR FRANCE,267317012.924208
2024,4,AIR MAURITIUS,227881529.042076
2024,4,AIRLINK,7675627.685544
2024,4,ANKAO MANAGEMENT,12800.64
2024,4,CORSAIR,62313990.017292
2024,4,DMSA,748248.48
2024,4,ETHIOPIAN AIRLINES,438236034.235272
2024,4,EWA AIR,104678638.987104
2024,4,GK AIRCRAFT TRADE,46602.48
2024,4,GRAPH'AIR,43002.24
2024,4,GS AIRLINES (GSA),32001.6
2024,4,HELIMISSION MADAGASCAR,33601.68
2024,4,HFF TRAVEL AIRWAYS,732264.446268
2024,4,KENYA AIRWAYS,164391396.09984
2024,4,MADAGASCAR AIRLINES,32862443.04
2024,4,MADAGASCAR TRANS AIR (MTA),1601491.44
2024,4,NEOS,123412984.101108
2024,4,ONG MISSION AVIATION FELLOWSHIP,310618.32
2024,4,RONSSIN/ANJOANINA/SARY,24401.28
2024,4,SKY LOG,124206.48
2024,4,SKY SERVICES MADAGASCAR,190009.92
2024,4,TRANS OCEAN AIRWAYS (TOA),789137.032812
2024,4,TURKISH AIRLINES,14645985.327324
2024,5,AIR AUSTRAL,292135714.075296
2024,5,AIR FRANCE,294386616.396288
2024,5,AIR MAURITIUS,213334946.723808
2024,5,AIRLINK,72828242.06112
2024,5,ANKAO MANAGEMENT,8000.4
2024,5,CORSAIR,93432680.419104
2024,5,DMSA,816654.96
2024,5,ETHIOPIAN AIRLINES,444953134.132416
2024,5,EWA AIR,138769796.797632
2024,5,GK AIRCRAFT TRADE,43802.4
2024,5,GRAPH'AIR,127947.575616
2024,5,GS AIRLINES (GSA),56002.8
2024,5,HELIMISSION MADAGASCAR,27201.36
2024,5,HFF TRAVEL AIRWAYS,526428.24
2024,5,HUILERIE INDUSTRIELLE DE TAMATAVE,32001.6
2024,5,KENYA AIRWAYS,189109652.816448
2024,5,MADAGASCAR AIRLINES,35545777.2
2024,5,MADAGASCAR TRANS AIR (MTA),2688573.799584
2024,5,NEOS,141254479.533024
2024,5,ONG MISSION AVIATION FELLOWSHIP,443626.08
2024,5,RONSSIN/ANJOANINA/SARY,16000.8
2024,5,SKY LOG,76604.16
2024,5,SKY SERVICES MADAGASCAR,212811.84
2024,5,TRANS OCEAN AIRWAYS (TOA),1335524.489856
2024,5,TURKISH AIRLINES,17256219.14016
2024,6,AIR AUSTRAL,248184811.60704
2024,6,AIR FRANCE,332527056.9984
2024,6,AIR MAURITIUS,229242932.83584
2024,6,AIRLINK,100160958.96576
2024,6,ANKAO MANAGEMENT,6400.32
2024,6,CORSAIR,72006191.00928
2024,6,DMSA,774852.72
2024,6,ETHIOPIAN AIRLINES,440868378.42432
2024,6,EWA AIR,99575762.71104
2024,6,GK AIRCRAFT TRADE,42802.32
2024,6,GRAPH'AIR,344003.30304
2024,6,HELIMISSION MADAGASCAR,17600.88
2024,6,HFF TRAVEL AIRWAYS,301016.16
2024,6,HUILERIE INDUSTRIELLE DE TAMATAVE,0.0
2024,6,KENYA AIRWAYS,161883763.93728
2024,6,MADAGASCAR AIRLINES,37454672.64
2024,6,MADAGASCAR TRANS AIR (MTA),2411896.74624
2024,6,NEOS,180534103.8336
2024,6,ONG MISSION AVIATION FELLOWSHIP,367421.76
2024,6,SKY LOG,138407.28
2024,6,SKY SERVICES MADAGASCAR,164008.8
2024,6,TRANS OCEAN AIRWAYS (TOA),750406.61184
2024,6,TURKISH AIRLINES,28609105.78944
2024,7,AIR AUSTRAL,312494760.074196
2024,7,AIR FRANCE,424318862.983392
2024,7,AIR MAURITIUS,280448783.488188
2024,7,AIRLINK,89815512.713976
2024,7,ANKAO MANAGEMENT,32001.6
2024,7,CORSAIR,132149929.23612
2024,7,DMSA,923060.4
2024,7,ETHIOPIAN AIRLINES,615846809.226852
2024,7,EWA AIR,171944949.805776
2024,7,GRAPH'AIR,479702.965356
2024,7,HELIMISSION MADAGASCAR,6400.32
2024,7,HFF TRAVEL AIRWAYS,360009.920412
2024,7,HUILERIE INDUSTRIELLE DE TAMATAVE,0.0
2024,7,KENYA AIRWAYS,197885455.03062
2024,7,MADAGASCAR AIRLINES,55311565.44
2024,7,MADAGASCAR TRANS AIR (MTA),2747562.968652
2024,7,NEOS,230439605.97132
2024,7,ONG MISSION AVIATION FELLOWSHIP,319819.2
2024,7,RONSSIN/ANJOANINA/SARY,22401.12
2024,7,SKY LOG,112005.6
2024,7,SKY SERVICES MADAGASCAR,245213.04
2024,7,TRANS OCEAN AIRWAYS (TOA),356743.363296
2024,7,TURKISH AIRLINES,49803218.50122
2024,8,AIR AUSTRAL,306341024.607072
2024,8,AIR FRANCE,432604429.017696
2024,8,AIR MAURITIUS,274361059.2996
2024,8,AIRLINK,97795174.14576
2024,8,ANKAO MANAGEMENT,20801.04
2024,8,CORSAIR,139457825.0208
2024,8,DMSA,854855.76
2024,8,ETHIOPIAN AIRLINES,714219225.200208
2024,8,EWA AIR,182257501.398336
2024,8,GRAPH'AIR,496306.849776
2024,8,HELIMISSION MADAGASCAR,6400.32
2024,8,HFF TRAVEL AIRWAYS,455025.36
2024,8,KENYA AIRWAYS,195496012.110672
2024,8,MADAGASCAR AIRLINES,72994745.304048
2024,8,MADAGASCAR TRANS AIR (MTA),2985462.2004
2024,8,NEOS,187579093.540176
2024,8,ONG MISSION AVIATION FELLOWSHIP,443425.92
2024,8,RONSSIN/ANJOANINA/SARY,32001.6
2024,8,SKY LOG,135806.88
2024,8,SKY SERVICES MADAGASCAR,367219.68
2024,8,TRANS OCEAN AIRWAYS (TOA),610819.325088
2024,8,TURKISH AIRLINES,71368398.799776
2024,9,AIR AUSTRAL,260878751.272188
2024,9,AIR FRANCE,348621384.898584
2024,9,AIR MAURITIUS,262623551.232924
2024,9,AIRLINK,102413526.266772
2024,9,ANKAO MANAGEMENT,24001.2
2024,9,CORSAIR,87776098.705008
2024,9,DMSA,748849.92
2024,9,EMIRATES,82200453.93252
2024,9,ETHIOPIAN AIRLINES,615228929.012376
2024,9,EWA AIR,119363011.599636
2024,9,GRAPH'AIR,135162.342156
2024,9,HELIMISSION MADAGASCAR,83404.32
2024,9,HFF TRAVEL AIRWAYS,782729.995092
2024,9,KENYA AIRWAYS,163730782.02978
2024,9,MADAGASCAR AIRLINES,49620080.88
2024,9,MADAGASCAR TRANS AIR (MTA),7501815.19404
2024,9,NEOS,181345447.619784
2024,9,ONG MISSION AVIATION FELLOWSHIP,273816.48
2024,9,RONSSIN/ANJOANINA/SARY,26001.36
2024,9,SKY LOG,93404.88
2024,9,SKY SERVICES MADAGASCAR,209612.16
2024,9,SOCOTA,37201.92
2024,9,TRANS OCEAN AIRWAYS (TOA),507692.905872
2024,9,TURKISH AIRLINES,50182781.18364
2024,10,AIR AUSTRAL,349932394.21014
2024,10,AIR FRANCE,196800211.4427
2024,10,AIR MAURITIUS,199992868.02054
2024,10,AIRLINK,117683628.11856
2024,10,ANKAO MANAGEMENT,91204.56
2024,10,CORSAIR,119709955.04868
2024,10,DMSA,708646.08
2024,10,EMIRATES,95493198.24054
2024,10,ETHIOPIAN AIRLINES,727710700.42692
2024,10,EWA AIR,165342977.51454
2024,10,GRAPH'AIR,114704.06046
2024,10,GS AIRLINES (GSA),53901.02046
2024,10,HELIMISSION MADAGASCAR,41202.24
2024,10,HFF TRAVEL AIRWAYS,824630.08368
2024,10,KENYA AIRWAYS,173123452.92816
2024,10,MADAGASCAR AIRLINES,58442922.0
2024,10,MADAGASCAR TRANS AIR (MTA),2815943.28552
2024,10,NEOS,238407413.29686
2024,10,ONG MISSION AVIATION FELLOWSHIP,394423.2
2024,10,RONSSIN/ANJOANINA/SARY,16000.8
2024,10,SKY LOG,51202.8
2024,10,SKY SERVICES MADAGASCAR,482627.28
2024,10,SOCOTA,67200.04092
2024,10,TRANS OCEAN AIRWAYS (TOA),297107.0223
2024,10,TURKISH AIRLINES,43066697.24214
2024,11,AIR AUSTRAL,289151274.84768
2024,11,AIR FRANCE,312280025.9463
2024,11,AIR MAURITIUS,236182855.472928
2024,11,AIRLINK,99699615.453564
2024,11,ANKAO MANAGEMENT,81604.08
2024,11,CORSAIR,100593524.37906
2024,11,DMSA,684646.08
2024,11,ETHIOPIAN AIRLINES,663992402.053428
2024,11,EWA AIR,127015454.913732
2024,11,GRAPH'AIR,125206.32
2024,11,HELIMISSION MADAGASCAR,56002.8
2024,11,HFF TRAVEL AIRWAYS,811467.125412
2024,11,KENYA AIRWAYS,163607164.91658
2024,11,LOT MADAGASCAR,55892831.762592
2024,11,MADAGASCAR FLY ALLIANCE,22401.12
2024,11,MADAGASCAR TRANS AIR (MTA),2295172.80492
2024,11,NEOS,183580664.593968
2024,11,ONG MISSION AVIATION FELLOWSHIP,293817.36
2024,11,RONSSIN/ANJOANINA/SARY,19200.96
2024,11,SKY LOG,68203.68
2024,11,SKY SERVICES MADAGASCAR,269814.0
2024,11,SOCOTA,154544.641968
2024,11,TRANS OCEAN AIRWAYS (TOA),1383426.013776
2024,11,TURKISH AIRLINES,27264222.227628
2024,12,AIR AUSTRAL,328776918.769152
2024,12,AIR FRANCE,328243904.875728
2024,12,AIR MAURITIUS,250589011.593312
2024,12,AIRLINK,90820746.723672
2024,12,ANKAO MANAGEMENT,110405.52
2024,12,CORSAIR,123200229.591288
2024,12,DMSA,699447.12
2024,12,EMIRATES,131600412.30744
2024,12,ETHIOPIAN AIRLINES,571320976.277016
2024,12,EWA AIR,52179119.87148
2024,12,GRAPH'AIR,307459.995312
2024,12,GS AIRLINES (GSA),159637.730208
2024,12,HELIMISSION MADAGASCAR,37602.0
2024,12,HFF TRAVEL AIRWAYS,390821.04
2024,12,HUILERIE INDUSTRIELLE DE TAMATAVE,35201.76
2024,12,KENYA AIRWAYS,132854824.093824
2024,12,LOT MADAGASCAR,54057831.4458
2024,12,MADAGASCAR AIRLINES,49632881.52
2024,12,MADAGASCAR FLY ALLIANCE,24601.44
2024,12,MADAGASCAR TRANS AIR (MTA),4757392.872288
2024,12,NEOS,121754869.594848
2024,12,ONG MISSION AVIATION FELLOWSHIP,170210.16
2024,12,RONSSIN/ANJOANINA/SARY,24001.2
2024,12,SKY LOG,24001.2
2024,12,SKY SERVICES MADAGASCAR,112405.68
2024,12,SOCOTA,14600.88
2024,12,TRANS OCEAN AIRWAYS (TOA),599367.90276
2024,12,TURKISH AIRLINES,28038787.29936
2025,1,AIR AUSTRAL,289512175.33728
2025,1,AIR FRANCE,183083233.257
2025,1,AIR MAURITIUS,234664699.55544
2025,1,AIRLINK,59971299.90012
2025,1,ANKAO MANAGEMENT,38401.92
2025,1,CORSAIR,103944353.71212
2025,1,EMIRATES,115016731.15104
2025,1,ETHIOPIAN AIRLINES,467524781.81136
2025,1,EWA AIR,115334380.62468
2025,1,GRAPH'AIR,621210.22272
2025,1,GS AIRLINES (GSA),72451.01784
2025,1,HELIMISSION MADAGASCAR,33601.68
2025,1,HFF TRAVEL AIRWAYS,372961.37352
2025,1,KENYA AIRWAYS,108728192.29608
2025,1,LOT MADAGASCAR,18675674.79696
2025,1,MADAGASCAR AIRLINES,39897994.8
2025,1,MADAGASCAR FLY ALLIANCE,10000.56
2025,1,MADAGASCAR TRANS AIR (MTA),1625068.78272
2025,1,NEOS,33464534.02704
2025,1,ONG MISSION AVIATION FELLOWSHIP,233813.04
2025,1,RONSSIN/ANJOANINA/SARY,20801.04
2025,1,SKY LOG,30401.52
2025,1,SKY SERVICES MADAGASCAR,36801.84
2025,1,SOCOTA,38202.24
2025,1,TRANS OCEAN AIRWAYS (TOA),1376121.92112
2025,1,TURKISH AIRLINES,25430201.84916
2025,2,AIR AUSTRAL,154624813.062048
2025,2,AIR FRANCE,217782636.479712
2025,2,AIR MAURITIUS,208591524.270864
2025,2,AIRLINK,53578694.112048
2025,2,ANKAO MANAGEMENT,14400.72
2025,2,CORSAIR,56508839.0928
2025,2,DMSA,977658.24
2025,2,EMIRATES,87462441.062352
2025,2,ETHIOPIAN AIRLINES,408161651.041872
2025,2,EWA AIR,114174030.723984
2025,2,GRAPH'AIR,112005.6
2025,2,GS AIRLINES (GSA),114605.154192
2025,2,HELIMISSION MADAGASCAR,43202.16
2025,2,HFF TRAVEL AIRWAYS,342416.994192
2025,2,KENYA AIRWAYS,75922011.934272
2025,2,MADAGASCAR AIRLINES,33800089.92
2025,2,MADAGASCAR TRANS AIR (MTA),994256.868384
2025,2,ONG MISSION AVIATION FELLOWSHIP,49802.88
2025,2,RONSSIN/ANJOANINA/SARY,17600.88
2025,2,SKY LOG,7800.48
2025,2,SKY SERVICES MADAGASCAR,17600.88
2025,2,SOCOTA,40802.64
2025,2,TRANS OCEAN AIRWAYS (TOA),1212455.94192
2025,2,TURKISH AIRLINES,14981771.23632
2025,3,AIR AUSTRAL,259127639.93466
2025,3,AIR FRANCE,255976013.171844
2025,3,AIR MAURITIUS,215016721.116876
2025,3,AIRLINK,72824630.1237
2025,3,ANKAO MANAGEMENT,56002.8
2025,3,CORSAIR,88054161.878088
2025,3,DMSA,902058.48
2025,3,EMIRATES,83492026.319016
2025,3,ETHIOPIAN AIRLINES,458523077.754672
2025,3,EWA AIR,100033832.5875
2025,3,GRAPH'AIR,668999.515704
2025,3,GS AIRLINES (GSA),265677.864996
2025,3,HELIMISSION MADAGASCAR,80004.0
2025,3,HFF TRAVEL AIRWAYS,196210.32
2025,3,KENYA AIRWAYS,79066741.27716
2025,3,MADAGASCAR AIRLINES,38437121.76
2025,3,MADAGASCAR FLY ALLIANCE,16000.8
2025,3,MADAGASCAR TRANS AIR (MTA),2603164.175688
2025,3,NEOS,30628602.330228
2025,3,ONG MISSION AVIATION FELLOWSHIP,278416.08
2025,3,RONSSIN/ANJOANINA/SARY,12800.64
2025,3,SKY LOG,46402.32
2025,3,SKY SERVICES MADAGASCAR,136006.8
2025,3,SOCOTA,8000.4
2025,3,TRANS OCEAN AIRWAYS (TOA),1087021.435704
2025,3,TURKISH AIRLINES,19187018.36982
2025,4,AIR AUSTRAL,284133594.367728
2025,4,AIR FRANCE,581897605.297464
2025,4,AIR MAURITIUS,236581284.247812
2025,4,AIRLINK,81624736.117008
2025,4,ANKAO MANAGEMENT,78403.92
2025,4,CORSAIR,90301222.134036
2025,4,DMSA,766249.92
2025,4,EMIRATES,100210397.917788
2025,4,ETHIOPIAN AIRLINES,627591102.732216
2025,4,EWA AIR,126164261.075832
2025,4,GRAPH'AIR,161608.08
2025,4,GS AIRLINES (GSA),19200.96
2025,4,HELIMISSION MADAGASCAR,36801.84
2025,4,HFF TRAVEL AIRWAYS,251013.6
2025,4,KENYA AIRWAYS,101254429.12536
2025,4,MADAGASCAR AIRLINES,50514525.6
2025,4,MADAGASCAR FLY ALLIANCE,18000.96
2025,4,MADAGASCAR TRANS AIR (MTA),2112480.33672
2025,4,NEOS,151653379.978404
2025,4,ONG MISSION AVIATION FELLOWSHIP,257814.72
2025,4,RONSSIN/ANJOANINA/SARY,28001.52
2025,4,SKY LOG,22401.36
2025,4,SKY SERVICES MADAGASCAR,122206.8
2025,4,SOCOTA,35402.16
2025,4,TRANS OCEAN AIRWAYS (TOA),728991.890868
2025,4,TURKISH AIRLINES,18388457.73198
2025,5,AIR AUSTRAL,305195253.045228
2025,5,AIR FRANCE,292388840.26794
2025,5,AIR MAURITIUS,242392673.951064
2025,5,AIRLINK,79266289.077612
2025,5,ANKAO MANAGEMENT,152007.6
2025,5,CORSAIR,110657546.341992
2025,5,DMSA,750449.28
2025,5,EMIRATES,127739179.689264
2025,5,ETHIOPIAN AIRLINES,597287366.122356
2025,5,EWA AIR,163927988.730324
2025,5,GRAPH'AIR,313421.303004
2025,5,GS AIRLINES (GSA),496806.728436
2025,5,HELIMISSION MADAGASCAR,89604.48
2025,5,HFF TRAVEL AIRWAYS,389220.96
2025,5,KENYA AIRWAYS,100262143.944144
2025,5,MADAGASCAR AIRLINES,52453822.56
2025,5,MADAGASCAR FLY ALLIANCE,16601.04
2025,5,MADAGASCAR TRANS AIR (MTA),3041627.455596
2025,5,NEOS,122148017.256564
2025,5,ONG MISSION AVIATION FELLOWSHIP,300218.16
2025,5,RONSSIN/ANJOANINA/SARY,1600.08
2025,5,SKY LOG,127206.48
2025,5,SKY SERVICES MADAGASCAR,88204.56
2025,5,SOCOTA,54232.117572
2025,5,TRANS OCEAN AIRWAYS (TOA),1122504.826584
2025,5,TURKISH AIRLINES,19114679.514996
2025,6,AIR AUSTRAL,258568344.786528
2025,6,AIR FRANCE,342978004.152864
2025,6,AIR MAURITIUS,243115931.598624
2025,6,AIRLINK,86790036.126528
2025,6,ANKAO MANAGEMENT,144007.2
2025,6,CORSAIR,97673489.65872
2025,6,DMSA,811654.08
2025,6,EMIRATES,140348836.38816
2025,6,ETHIOPIAN AIRLINES,559035327.703104
2025,6,EWA AIR,111739881.135456
2025,6,GRAPH'AIR,248286.091968
2025,6,GS AIRLINES (GSA),28801.44
2025,6,HELIMISSION MADAGASCAR,32001.6
2025,6,HFF TRAVEL AIRWAYS,325217.76
2025,6,KENYA AIRWAYS,95890469.18976
2025,6,MADAGASCAR AIRLINES,47443972.08
2025,6,MADAGASCAR FLY ALLIANCE,40402.08
2025,6,MADAGASCAR TRANS AIR (MTA),2793681.335424
2025,6,NEOS,187738401.985056
2025,6,ONG MISSION AVIATION FELLOWSHIP,347021.76
2025,6,RONSSIN/ANJOANINA/SARY,0.0
2025,6,SKY LOG,33402.0
2025,6,SKY SERVICES MADAGASCAR,84604.8
2025,6,SOCOTA,24401.52
2025,6,TRANS OCEAN AIRWAYS (TOA),934174.141728
2025,6,TURKISH AIRLINES,22436973.750816
2025,7,AIR AUSTRAL,345023594.28432
2025,7,AIR FRANCE,421049402.425728
2025,7,AIR MAURITIUS,303663152.880864
2025,7,AIRLINK,95044235.406624
2025,7,ANKAO MANAGEMENT,147207.36
2025,7,CORSAIR,119656176.3936
2025,7,DMSA,786051.84
2025,7,EMIRATES,221728229.642016
2025,7,ETHIOPIAN AIRLINES,755509322.034432
2025,7,EWA AIR,181852716.741696
2025,7,GRAPH'AIR,131206.56
2025,7,GS AIRLINES (GSA),24001.2
2025,7,HELIMISSION MADAGASCAR,6400.32
2025,7,HFF TRAVEL AIRWAYS,836445.319008
2025,7,KENYA AIRWAYS,112363541.762976
2025,7,MADAGASCAR AIRLINES,66572928.48
2025,7,MADAGASCAR FLY ALLIANCE,60803.52
2025,7,MADAGASCAR TRANS AIR (MTA),2338935.84
2025,7,NEOS,213686802.711936
2025,7,ONG MISSION AVIATION FELLOWSHIP,362421.36
2025,7,RONSSIN/ANJOANINA/SARY,6400.32
2025,7,SKY LOG,24001.2
2025,7,SOCOTA,14600.88
2025,7,TRANS OCEAN AIRWAYS (TOA),806811.47616
2025,7,TURKISH AIRLINES,40884636.283776
2025,8,AIR MAURITIUS,289326695.296716
2025,8,AIRLINK,22428191.360484
2025,8,CORSAIR,125846032.800384
2025,8,ETHIOPIAN AIRLINES,881055630.650916
2025,8,HELIMISSION MADAGASCAR,8000.4
2025,8,HFF TRAVEL AIRWAYS,422223.12
2025,8,KENYA AIRWAYS,77787384.34068
2025,8,NEOS,183201437.14452
2025,8,ONG MISSION AVIATION FELLOWSHIP,336219.36
2025,8,RONSSIN/ANJOANINA/SARY,9600.48
2025,8,SKY LOG,30201.6
2025,8,SOCOTA,9800.64
2025,8,TURKISH AIRLINES,42116296.364208
